-1,-1,-1,-1,-1,-1,-1,-1,-1,-1,-1,-1,-1,-1,-1,-1,-1,-1,-1,-1,-1,-1,-1,-1,-1,-1,-1,-1,-1,-1,-1,-1,-1,-1,-1,-1,-1,-1,-1,-1,-1,-1,-1,-1,-1,-1,-1,-1,-1,-1,-1,-1,-1,-1,-1,-1,-1,-1,-1,-1,-1,-1,-1,-1,9,10,11,-1,-1,-1,-1,-1,-1,-1,-1,-1,-1,-1,-1,-1,9,10,11,-1,9,10,11,-1,-1,-1,-1,-1,-1,-1,-1,-1,-1,-1,-1,-1,-1,-1,-1,-1,-1,-1,-1,-1,-1,-1,-1,-1,-1,-1,-1,-1,-1,-1,-1,-1,-1,-1,-1,-1,-1,-1,-1,-1,-1,-1,-1,-1,-1,-1,-1,-1,-1,-1,-1,-1,-1,-1,-1,-1,-1,-1,-1,-1,-1,-1,-1,-1,-1,-1,-1,-1,-1,-1,-1,-1,-1,-1,-1,-1,-1,-1,-1,-1,-1,-1,-1,-1,-1,-1,-1,-1,-1,-1,-1,-1,-1,-1,-1,-1,-1,-1,-1,-1,-1,-1,-1,-1,-1,-1,-1,-1,-1,-1,-1,-1,-1,-1,-1,-1,-1,-1,-1,-1,-1,-1,-1,-1,-1,-1,-1,-1,-1,-1,-1,-1,-1,-1,-1,-1,-1,-1,-1,-1,-1,-1,-1,-1,-1,-1,-1,-1,-1,-1,-1,-1,-1,-1,-1,-1,-1,-1,-1,-1,-1,-1,-1,-1,-1,-1,-1,-1,-1,-1,-1,-1,-1,-1,-1,-1,-1,-1,-1,-1,-1,-1,-1,-1,-1,-1,-1,-1,-1,-1,-1,-1,-1,-1,-1,-1,-1,-1,-1,-1,-1,-1,-1,-1,-1,-1,-1,-1,-1,-1,-1,-1,-1,-1,-1,-1,-1,-1,-1,-1,-1,-1,-1,-1,-1,-1,-1,-1,-1,-1,-1,-1,-1,-1,-1,-1,-1,-1,-1,-1,-1,-1,-1,-1,-1,-1,-1,-1,-1,-1,-1,-1,-1,-1,-1,-1,-1,-1,-1,-1,-1,-1,-1,-1,-1,-1,-1,-1,-1,-1,-1,-1,-1,-1,-1,-1,-1,-1,-1,-1,-1,-1,-1,-1,-1,-1,-1,-1,-1,-1,-1,-1,-1,-1,-1,-1,-1,-1,-1,-1,-1,-1,-1,-1,-1,-1,-1,-1,-1,-1,-1,-1,-1,-1,-1,-1,-1,-1,-1,-1,-1,-1,-1,-1,-1,-1,-1,-1,-1,-1,-1,-1,-1,-1,-1,-1,-1,-1,-1,-1,-1,-1,-1,-1,-1,-1,-1,-1,-1,-1,-1,-1,-1,-1,-1,-1,-1,-1,-1,-1,-1,-1,-1,-1,-1,-1,-1,-1,-1,-1,-1,-1,-1,-1,-1,-1,-1,-1,-1,-1,-1,-1,-1,-1,-1,-1,-1,-1,-1,-1,-1,-1,-1,-1,-1,-1,-1,-1,-1,-1,-1,-1,-1,-1,-1,-1,-1,-1,-1,-1,-1,-1,-1,-1,-1,-1,-1,-1,-1,-1,-1,-1,-1,-1,-1,-1,-1,-1,-1,-1,-1,-1,-1,-1,-1,-1,-1,-1,-1,-1,-1,-1,-1,-1,-1,-1,-1,-1,-1,-1,-1,-1,-1,-1,-1,-1,-1,-1,-1,-1,-1,-1,-1,-1,-1,-1,-1,-1,-1,-1,-1,-1,-1,-1,-1,-1,-1,-1,-1,-1,-1,-1,-1,-1,-1,-1,-1,-1,-1,-1,-1,-1,-1,-1,-1,-1,-1,-1,-1,-1,-1,-1,-1,-1,-1,-1,-1,-1,-1,-1,-1,-1,-1,-1,-1,-1,-1,-1,-1,-1,-1,-1,-1,-1,-1,-1,-1,-1,-1,-1,-1,-1,-1,-1,-1,-1,-1,-1,-1,-1,-1,-1,-1,-1,-1,-1,-1,-1,-1,-1,-1,-1,-1,-1,-1,-1,-1,-1,-1,-1,-1,-1,-1,-1,-1,-1,-1,-1,-1,-1,-1,-1,-1,-1,-1,-1,-1,-1,-1,-1,-1,-1,-1,-1,-1,-1,-1,-1,-1,-1,-1,-1,-1,-1,-1,-1,-1,-1,-1,-1,-1,-1,-1,-1,-1,-1,-1,-1,-1,-1,-1,-1,-1,-1,-1,-1,-1,-1,-1,-1,-1,-1,-1,-1,-1,-1,-1,-1,-1,-1,-1,-1,-1,-1,-1,-1,-1,-1,-1,-1,-1,-1,-1,-1,-1,-1,-1,-1,-1,-1,-1,-1,-1,-1,-1,-1,-1,-1,-1,-1,-1,-1,-1,-1,-1,-1,-1,-1,-1,-1,-1,-1,-1,-1,-1,-1,-1,-1,-1,-1,-1,-1,-1,-1,-1,-1,-1,-1,-1,-1,-1,-1,-1,-1,-1,-1,-1,-1,-1,-1,-1,-1,-1,-1,-1,-1,-1,-1,-1,-1,-1,-1,-1,-1,-1,-1,-1,-1,-1,-1,-1,-1,-1,-1,-1,-1,-1,-1,-1,-1,-1,-1,-1,-1,-1,-1,-1,-1,-1,-1,-1,-1,-1,-1,-1,-1,-1,-1,-1,-1,-1,-1,-1,-1,-1,-1,-1,-1,-1,-1,-1,-1,-1,-1,-1,-1,-1,-1,-1,-1,-1,-1,-1,-1,-1,-1,-1,-1,-1,-1,-1,-1,-1,-1,-1,-1,-1,-1,-1,-1,-1,-1,-1,-1,-1,-1,-1,-1,-1,-1,-1,-1,-1,-1,-1,-1,-1,-1,-1,-1,-1,-1,-1,-1,-1,-1,-1,-1,-1,-1,-1,-1,-1,-1,-1,-1,-1,-1,-1,-1,-1,-1,-1,-1,-1,-1,-1,-1,-1,-1,-1,-1,-1,-1,-1,-1,-1,-1,-1,-1,-1,-1,-1,-1,-1,-1,-1,-1,-1,-1,-1,-1,-1,-1,-1,-1,-1,-1,-1,-1,-1,-1,-1,-1,-1,-1,-1,-1,-1,-1,-1,-1,-1,-1,-1,-1,-1,-1,-1,-1,-1,-1,-1,-1,-1,-1,-1,-1,-1,-1,-1,-1,-1,-1,-1,-1,-1,-1,-1,-1,-1,-1
-1,-1,-1,-1,-1,-1,-1,-1,-1,-1,-1,-1,-1,-1,-1,-1,-1,-1,-1,-1,-1,-1,-1,-1,-1,-1,-1,-1,-1,-1,-1,-1,-1,-1,-1,-1,-1,-1,-1,-1,-1,-1,-1,-1,-1,-1,-1,-1,-1,-1,-1,-1,-1,-1,-1,-1,-1,-1,-1,-1,-1,-1,-1,-1,34,35,36,-1,-1,-1,-1,-1,-1,-1,-1,-1,-1,-1,-1,-1,34,35,36,-1,34,35,36,-1,-1,-1,-1,-1,-1,-1,-1,-1,-1,-1,-1,-1,-1,-1,-1,-1,-1,-1,-1,-1,-1,-1,-1,-1,-1,-1,-1,-1,-1,-1,-1,-1,-1,-1,-1,-1,-1,-1,-1,-1,-1,-1,-1,-1,-1,-1,-1,-1,-1,-1,-1,-1,-1,-1,-1,-1,-1,-1,-1,-1,-1,-1,-1,-1,-1,-1,-1,-1,-1,-1,-1,-1,-1,-1,-1,-1,-1,-1,-1,-1,-1,-1,-1,-1,-1,-1,-1,-1,-1,-1,-1,-1,-1,-1,-1,-1,-1,-1,-1,-1,-1,-1,-1,-1,-1,-1,-1,-1,-1,-1,-1,-1,-1,-1,-1,-1,-1,-1,-1,-1,-1,-1,-1,-1,-1,-1,-1,-1,-1,-1,-1,-1,-1,-1,-1,-1,-1,-1,-1,-1,-1,-1,-1,-1,-1,-1,-1,-1,-1,-1,-1,-1,-1,-1,-1,-1,-1,-1,-1,-1,-1,-1,-1,-1,-1,-1,-1,-1,-1,-1,-1,-1,-1,-1,-1,-1,-1,-1,-1,-1,-1,-1,-1,-1,-1,-1,-1,-1,-1,-1,-1,-1,-1,-1,-1,-1,-1,-1,-1,-1,-1,-1,-1,-1,-1,-1,-1,-1,-1,-1,-1,-1,-1,-1,-1,-1,-1,-1,-1,-1,-1,-1,-1,-1,-1,-1,-1,-1,-1,-1,-1,-1,-1,-1,-1,-1,-1,-1,-1,-1,-1,-1,-1,-1,-1,-1,-1,-1,-1,-1,-1,-1,-1,-1,-1,-1,-1,-1,-1,-1,-1,-1,-1,-1,-1,-1,-1,-1,-1,-1,-1,-1,-1,-1,-1,-1,-1,-1,-1,-1,-1,-1,-1,-1,-1,-1,-1,-1,-1,-1,-1,-1,-1,-1,-1,-1,-1,-1,-1,-1,-1,-1,-1,-1,-1,-1,-1,-1,-1,-1,-1,-1,-1,-1,-1,-1,-1,-1,-1,-1,-1,-1,-1,-1,-1,-1,-1,-1,-1,-1,-1,-1,-1,-1,-1,-1,-1,-1,-1,-1,-1,-1,-1,-1,-1,-1,-1,-1,-1,-1,-1,-1,-1,-1,-1,-1,-1,-1,-1,-1,-1,-1,-1,-1,-1,-1,-1,-1,-1,-1,-1,-1,-1,-1,-1,-1,-1,-1,-1,-1,-1,-1,-1,-1,-1,-1,-1,-1,-1,-1,-1,-1,-1,-1,-1,-1,-1,-1,-1,-1,-1,-1,-1,-1,-1,-1,-1,-1,-1,-1,-1,-1,-1,-1,-1,-1,-1,-1,-1,-1,-1,-1,-1,-1,-1,-1,-1,-1,-1,-1,-1,-1,-1,-1,-1,-1,-1,-1,-1,-1,-1,-1,-1,-1,-1,-1,-1,-1,-1,-1,-1,-1,-1,-1,-1,-1,-1,-1,-1,-1,-1,-1,-1,-1,-1,-1,-1,-1,-1,-1,-1,-1,-1,-1,-1,-1,-1,-1,-1,-1,-1,-1,-1,-1,-1,-1,-1,-1,-1,-1,-1,-1,-1,-1,-1,-1,-1,-1,-1,-1,-1,-1,-1,-1,-1,-1,-1,-1,-1,-1,-1,-1,-1,-1,-1,-1,-1,-1,-1,-1,-1,-1,-1,-1,-1,-1,-1,-1,-1,-1,-1,-1,-1,-1,-1,-1,-1,-1,-1,-1,-1,-1,-1,-1,-1,-1,-1,-1,-1,-1,-1,-1,-1,-1,-1,-1,-1,-1,-1,-1,-1,-1,-1,-1,-1,-1,-1,-1,-1,-1,-1,-1,-1,-1,-1,-1,-1,-1,-1,-1,-1,-1,-1,-1,-1,-1,-1,-1,-1,-1,-1,-1,-1,-1,-1,-1,-1,-1,-1,-1,-1,-1,-1,-1,-1,-1,-1,-1,-1,-1,-1,-1,-1,-1,-1,-1,-1,-1,-1,-1,-1,-1,-1,-1,-1,-1,-1,-1,-1,-1,-1,-1,-1,-1,-1,-1,-1,-1,-1,-1,-1,-1,-1,-1,-1,-1,-1,-1,-1,-1,-1,-1,-1,-1,-1,-1,-1,-1,-1,-1,-1,-1,-1,-1,-1,-1,-1,-1,-1,-1,-1,-1,-1,-1,-1,-1,-1,-1,-1,-1,-1,-1,-1,-1,-1,-1,-1,-1,-1,-1,-1,-1,-1,-1,-1,-1,-1,-1,-1,-1,-1,-1,-1,-1,-1,-1,-1,-1,-1,-1,-1,-1,-1,-1,-1,-1,-1,-1,-1,-1,-1,-1,-1,-1,-1,-1,-1,-1,-1,-1,-1,-1,-1,-1,-1,-1,-1,-1,-1,-1,-1,-1,-1,-1,-1,-1,-1,-1,-1,-1,-1,-1,-1,-1,-1,-1,-1,-1,-1,-1,-1,-1,-1,-1,-1,-1,-1,-1,-1,-1,-1,-1,-1,-1,-1,-1,-1,-1,-1,-1,-1,-1,-1,-1,-1,-1,-1,-1,-1,-1,-1,-1,-1,-1,-1,-1,-1,-1,-1,-1,-1,-1,-1,-1,-1,-1,-1,-1,-1,-1,-1,-1,-1,-1,-1,-1,-1,-1,-1,-1,-1,-1,-1,-1,-1,-1,-1,-1,-1,-1,-1,-1,-1,-1,-1,-1,-1,-1,-1,-1,-1,-1,-1,-1,-1,-1,-1,-1,-1,-1,-1,-1,-1,-1,-1,-1,-1,-1,-1,-1,-1,-1,-1,-1,-1,-1,-1,-1,-1,-1,-1,-1,-1,-1,-1,-1,-1,-1,-1,-1,-1,-1,-1,-1,-1,-1,-1,-1,-1,-1,-1,-1,-1,-1,-1,-1,-1,-1,-1,-1,-1,-1,-1,-1,-1,-1,-1,-1,-1,-1,-1,-1
-1,-1,-1,-1,-1,-1,-1,-1,-1,-1,-1,-1,-1,-1,-1,-1,-1,-1,-1,-1,-1,-1,-1,-1,-1,-1,-1,-1,-1,-1,-1,-1,-1,-1,-1,-1,-1,-1,-1,-1,-1,-1,-1,-1,-1,-1,-1,-1,-1,-1,-1,-1,-1,-1,-1,-1,-1,-1,-1,-1,-1,-1,-1,-1,-1,60,61,-1,-1,-1,-1,-1,-1,-1,-1,-1,-1,-1,-1,-1,-1,160,161,-1,-1,160,161,-1,-1,-1,-1,-1,-1,-1,-1,-1,-1,-1,-1,-1,-1,-1,-1,-1,-1,-1,-1,-1,-1,-1,-1,-1,-1,-1,-1,-1,-1,-1,-1,-1,-1,-1,-1,-1,-1,-1,-1,-1,-1,-1,-1,-1,-1,-1,-1,-1,-1,-1,-1,-1,-1,-1,-1,-1,-1,-1,-1,-1,-1,-1,-1,-1,-1,-1,-1,-1,-1,-1,-1,-1,-1,-1,-1,-1,-1,-1,-1,-1,-1,-1,-1,-1,-1,-1,-1,-1,-1,-1,-1,-1,-1,-1,-1,-1,-1,-1,-1,-1,-1,-1,-1,-1,-1,-1,-1,-1,-1,-1,-1,-1,-1,-1,-1,-1,-1,-1,-1,-1,-1,-1,-1,-1,-1,-1,-1,-1,-1,-1,-1,-1,-1,-1,-1,-1,-1,-1,-1,-1,-1,-1,-1,-1,-1,-1,-1,-1,-1,-1,-1,-1,-1,-1,-1,-1,-1,-1,-1,-1,-1,-1,-1,-1,-1,-1,-1,-1,-1,-1,-1,-1,-1,-1,-1,-1,-1,-1,-1,-1,-1,-1,-1,-1,-1,-1,-1,-1,-1,-1,-1,-1,-1,-1,-1,-1,-1,-1,-1,-1,-1,-1,-1,-1,-1,-1,-1,-1,-1,-1,-1,-1,-1,-1,-1,-1,-1,-1,-1,-1,-1,-1,-1,-1,-1,-1,-1,-1,-1,-1,-1,-1,-1,-1,-1,-1,-1,-1,-1,-1,-1,-1,-1,-1,-1,-1,-1,-1,-1,-1,-1,-1,-1,-1,-1,-1,-1,-1,-1,-1,-1,-1,-1,-1,-1,-1,-1,-1,-1,-1,-1,-1,-1,-1,-1,-1,-1,-1,-1,-1,-1,-1,-1,-1,-1,-1,-1,-1,-1,-1,-1,-1,-1,-1,-1,-1,-1,-1,-1,-1,-1,-1,-1,-1,-1,-1,-1,-1,-1,-1,-1,-1,-1,-1,-1,-1,-1,-1,-1,-1,-1,-1,-1,-1,-1,-1,-1,-1,-1,-1,-1,-1,-1,-1,-1,-1,-1,-1,-1,-1,-1,-1,-1,-1,-1,-1,-1,-1,-1,-1,-1,-1,-1,-1,-1,-1,-1,-1,-1,-1,-1,-1,-1,-1,-1,-1,-1,-1,-1,-1,-1,-1,-1,-1,-1,-1,-1,-1,-1,-1,-1,-1,-1,-1,-1,-1,-1,-1,-1,-1,-1,-1,-1,-1,-1,-1,-1,-1,-1,-1,-1,-1,-1,-1,-1,-1,-1,-1,-1,-1,-1,-1,-1,-1,-1,-1,-1,-1,-1,-1,-1,-1,-1,-1,-1,-1,-1,-1,-1,-1,-1,-1,-1,-1,-1,-1,-1,-1,-1,-1,-1,-1,-1,-1,-1,-1,-1,-1,-1,-1,-1,-1,-1,-1,-1,-1,-1,-1,-1,-1,-1,-1,-1,-1,-1,-1,-1,-1,-1,-1,-1,-1,-1,-1,-1,-1,-1,-1,-1,-1,-1,-1,-1,-1,-1,-1,-1,-1,-1,-1,-1,-1,-1,-1,-1,-1,-1,-1,-1,-1,-1,-1,-1,-1,-1,-1,-1,-1,-1,-1,-1,-1,-1,-1,-1,-1,-1,-1,-1,-1,-1,-1,-1,-1,-1,-1,-1,-1,-1,-1,-1,-1,-1,-1,-1,-1,-1,-1,-1,-1,-1,-1,-1,-1,-1,-1,-1,-1,-1,-1,-1,-1,-1,-1,-1,-1,-1,-1,-1,-1,-1,-1,-1,-1,-1,-1,-1,-1,-1,-1,-1,-1,-1,-1,-1,-1,-1,-1,-1,-1,-1,-1,-1,-1,-1,-1,-1,-1,-1,-1,-1,-1,-1,-1,-1,-1,-1,-1,-1,-1,-1,-1,-1,-1,-1,-1,-1,-1,-1,-1,-1,-1,-1,-1,-1,-1,-1,-1,-1,-1,-1,-1,-1,-1,-1,-1,-1,-1,-1,-1,-1,-1,-1,-1,-1,-1,-1,-1,-1,-1,-1,-1,-1,-1,-1,-1,-1,-1,-1,-1,-1,-1,-1,-1,-1,-1,-1,-1,-1,-1,-1,-1,-1,-1,-1,-1,-1,-1,-1,-1,-1,-1,-1,-1,-1,-1,-1,-1,-1,-1,-1,-1,-1,-1,-1,-1,-1,-1,-1,-1,-1,-1,-1,-1,-1,-1,-1,-1,-1,-1,-1,-1,-1,-1,-1,-1,-1,-1,-1,-1,-1,-1,-1,-1,-1,-1,-1,-1,-1,-1,-1,-1,-1,-1,-1,-1,-1,-1,-1,-1,-1,-1,-1,-1,-1,-1,-1,-1,-1,-1,-1,-1,-1,-1,-1,-1,-1,-1,-1,-1,-1,-1,-1,-1,-1,-1,-1,-1,-1,-1,-1,-1,-1,-1,-1,-1,-1,-1,-1,-1,-1,-1,-1,-1,-1,-1,-1,-1,-1,-1,-1,-1,-1,-1,-1,-1,-1,-1,-1,-1,-1,-1,-1,-1,-1,-1,-1,-1,-1,-1,-1,-1,-1,-1,-1,-1,-1,-1,-1,-1,-1,-1,-1,-1,-1,-1,-1,-1,-1,-1,-1,-1,-1,-1,-1,-1,-1,-1,-1,-1,-1,-1,-1,-1,-1,-1,-1,-1,-1,-1,-1,-1,-1,-1,-1,-1,-1,-1,-1,-1,-1,-1,-1,-1,-1,-1,-1,-1,-1,-1,-1,-1,-1,-1,-1,-1,-1,-1,-1,-1,-1,-1,-1,-1,-1,-1,-1,-1,-1,-1,-1,-1,-1,-1,-1,-1,-1,-1,-1,-1,-1,-1,-1,-1,-1,-1,-1,-1,-1,-1,-1,-1,-1,-1,-1,-1,-1,-1,-1,-1,-1,-1
-1,-1,-1,-1,-1,-1,-1,-1,-1,-1,-1,-1,-1,-1,-1,-1,-1,-1,-1,-1,-1,260,261,262,263,264,-1,-1,-1,-1,-1,-1,-1,-1,-1,-1,-1,-1,-1,-1,-1,-1,-1,-1,-1,-1,-1,-1,-1,-1,-1,-1,5,6,7,8,-1,-1,-1,-1,-1,-1,-1,-1,182,85,86,112,-1,-1,-1,-1,-1,-1,-1,-1,-1,-1,-1,-1,-1,85,380,381,382,383,384,-1,-1,-1,-1,-1,-1,-1,-1,-1,-1,-1,-1,-1,-1,-1,-1,-1,-1,-1,-1,-1,-1,-1,-1,-1,-1,-1,-1,-1,-1,-1,-1,-1,-1,-1,-1,-1,-1,-1,-1,-1,-1,-1,-1,-1,-1,-1,-1,-1,-1,-1,-1,-1,-1,-1,-1,-1,-1,-1,-1,-1,-1,-1,-1,-1,-1,-1,-1,-1,-1,-1,-1,-1,-1,-1,-1,-1,-1,-1,-1,-1,-1,-1,-1,-1,-1,-1,-1,-1,-1,-1,-1,-1,-1,-1,-1,-1,-1,-1,-1,-1,-1,-1,-1,-1,-1,-1,-1,-1,-1,-1,-1,-1,-1,-1,-1,-1,-1,-1,-1,-1,-1,-1,-1,-1,-1,-1,-1,-1,-1,-1,-1,-1,-1,-1,-1,-1,-1,-1,-1,-1,-1,-1,-1,-1,-1,-1,-1,-1,-1,-1,-1,-1,-1,-1,-1,-1,-1,-1,-1,-1,-1,-1,-1,-1,-1,-1,-1,-1,-1,-1,-1,-1,-1,-1,-1,-1,-1,-1,-1,-1,-1,-1,-1,-1,-1,-1,-1,-1,-1,-1,-1,-1,-1,-1,-1,-1,-1,-1,-1,-1,-1,-1,-1,-1,-1,-1,-1,-1,-1,-1,-1,-1,-1,-1,-1,-1,-1,-1,-1,-1,-1,-1,-1,-1,-1,-1,-1,-1,-1,-1,-1,-1,-1,-1,-1,-1,-1,-1,-1,-1,-1,-1,-1,-1,-1,-1,-1,-1,-1,-1,-1,-1,-1,-1,-1,-1,-1,-1,-1,-1,-1,-1,-1,-1,-1,-1,-1,-1,-1,-1,-1,-1,-1,-1,-1,-1,-1,-1,-1,-1,-1,-1,-1,-1,-1,-1,-1,-1,-1,-1,-1,-1,-1,-1,-1,-1,-1,-1,-1,-1,-1,-1,-1,-1,-1,-1,-1,-1,-1,-1,-1,-1,-1,-1,-1,-1,-1,-1,-1,-1,-1,-1,-1,-1,-1,-1,-1,-1,-1,-1,-1,-1,-1,-1,-1,-1,-1,-1,-1,-1,-1,-1,-1,-1,-1,-1,-1,-1,-1,-1,-1,-1,-1,-1,-1,-1,-1,-1,-1,-1,-1,-1,-1,-1,-1,-1,-1,-1,-1,-1,-1,-1,-1,-1,-1,-1,-1,-1,-1,-1,-1,-1,-1,-1,-1,-1,-1,-1,-1,-1,-1,-1,-1,-1,-1,-1,-1,-1,-1,-1,-1,-1,-1,-1,-1,-1,-1,-1,-1,-1,-1,-1,-1,-1,-1,-1,-1,-1,-1,-1,-1,-1,-1,-1,-1,-1,-1,-1,-1,-1,-1,-1,-1,-1,-1,-1,-1,-1,-1,-1,-1,-1,-1,-1,-1,-1,-1,-1,-1,-1,-1,-1,-1,-1,-1,-1,-1,-1,-1,-1,-1,-1,-1,-1,-1,-1,-1,-1,-1,-1,-1,-1,-1,-1,-1,-1,-1,-1,-1,-1,-1,-1,-1,-1,-1,-1,-1,-1,-1,-1,-1,-1,-1,-1,-1,-1,-1,-1,-1,-1,-1,-1,-1,-1,-1,-1,-1,-1,-1,-1,-1,-1,-1,-1,-1,-1,-1,-1,-1,-1,-1,-1,-1,-1,-1,-1,-1,-1,-1,-1,-1,-1,-1,-1,-1,-1,-1,-1,-1,-1,-1,-1,-1,-1,-1,-1,-1,-1,-1,-1,-1,-1,-1,-1,-1,-1,-1,-1,-1,-1,-1,-1,-1,-1,-1,-1,-1,-1,-1,-1,-1,-1,-1,-1,-1,-1,-1,-1,-1,-1,-1,-1,-1,-1,-1,-1,-1,-1,-1,-1,-1,-1,-1,-1,-1,-1,-1,-1,-1,-1,-1,-1,-1,-1,-1,-1,-1,-1,-1,-1,-1,-1,-1,-1,-1,-1,-1,-1,-1,-1,-1,-1,-1,-1,-1,-1,-1,-1,-1,-1,-1,-1,-1,-1,-1,-1,-1,-1,-1,-1,-1,-1,-1,-1,-1,-1,-1,-1,-1,-1,-1,-1,-1,-1,-1,-1,-1,-1,-1,-1,-1,-1,-1,-1,-1,-1,-1,-1,-1,-1,-1,-1,-1,-1,-1,-1,-1,-1,-1,-1,-1,-1,-1,-1,-1,-1,-1,-1,-1,-1,-1,-1,-1,-1,-1,-1,-1,-1,-1,-1,-1,-1,-1,-1,-1,-1,-1,-1,-1,-1,-1,-1,-1,-1,-1,-1,-1,-1,-1,-1,-1,-1,-1,-1,-1,-1,-1,-1,-1,-1,-1,-1,-1,-1,-1,-1,-1,-1,-1,-1,-1,-1,-1,-1,-1,-1,-1,-1,-1,-1,-1,-1,-1,-1,-1,-1,-1,-1,-1,-1,-1,-1,-1,-1,-1,-1,-1,-1,-1,-1,-1,-1,-1,-1,-1,-1,-1,-1,-1,-1,-1,-1,-1,-1,-1,-1,-1,-1,-1,-1,-1,-1,-1,-1,-1,-1,-1,-1,-1,-1,-1,-1,-1,-1,-1,-1,-1,-1,-1,-1,-1,-1,-1,-1,-1,-1,-1,-1,-1,-1,-1,-1,-1,-1,-1,-1,-1,-1,-1,-1,-1,-1,-1,-1,-1,-1,-1,-1,-1,-1,-1,-1,-1,-1,-1,-1,-1,-1,-1,-1,-1,-1,-1,-1,-1,-1,-1,-1,-1,-1,-1,-1,-1,-1,-1,-1,-1,-1,-1,-1,-1,-1,-1,-1,-1,-1,-1,-1,-1,-1,-1,-1,-1,-1,-1,-1,-1,-1,-1,-1,-1,-1,-1,-1,-1,-1,-1,-1,-1,-1,-1,-1,-1,-1,-1,-1,-1,-1,-1,-1,-1,-1
-1,-1,-1,-1,-1,260,261,262,263,264,-1,-1,-1,-1,260,261,262,263,264,-1,-1,285,286,287,288,289,-1,-1,-1,-1,-1,-1,-1,-1,-1,-1,-1,-1,-1,-1,-1,-1,-1,-1,-1,-1,-1,-1,-1,-1,-1,-1,30,31,32,33,-1,-1,-1,-1,-1,-1,-1,-1,182,108,109,137,-1,-1,-1,-1,-1,-1,-1,-1,-1,-1,-1,-1,-1,110,405,406,407,108,109,-1,-1,-1,-1,-1,-1,-1,-1,-1,-1,-1,-1,-1,-1,-1,-1,-1,-1,-1,-1,-1,-1,-1,-1,-1,-1,-1,-1,-1,-1,-1,-1,-1,-1,-1,-1,-1,-1,-1,-1,-1,-1,-1,-1,-1,-1,-1,-1,-1,-1,-1,-1,-1,-1,-1,-1,-1,-1,-1,-1,-1,-1,-1,-1,-1,-1,-1,-1,-1,-1,-1,-1,-1,-1,-1,-1,-1,-1,-1,-1,-1,-1,-1,-1,-1,-1,-1,-1,-1,-1,-1,-1,-1,-1,-1,-1,-1,-1,-1,-1,-1,-1,-1,-1,-1,-1,-1,-1,-1,-1,-1,-1,-1,-1,-1,-1,-1,-1,-1,-1,-1,-1,-1,-1,-1,-1,-1,-1,-1,-1,-1,-1,-1,-1,-1,-1,-1,-1,-1,-1,-1,-1,-1,-1,-1,-1,-1,-1,-1,-1,-1,-1,-1,-1,-1,-1,-1,-1,-1,-1,-1,-1,-1,-1,-1,-1,-1,-1,-1,-1,-1,-1,-1,-1,-1,-1,-1,-1,-1,-1,-1,-1,-1,-1,-1,-1,-1,-1,-1,-1,-1,-1,-1,-1,-1,-1,-1,-1,-1,-1,-1,-1,-1,-1,-1,-1,-1,-1,-1,-1,-1,-1,-1,-1,-1,-1,-1,-1,-1,-1,-1,-1,-1,-1,-1,-1,-1,-1,-1,-1,-1,-1,-1,-1,-1,-1,-1,-1,-1,-1,-1,-1,-1,-1,-1,-1,-1,-1,-1,-1,-1,-1,-1,-1,-1,-1,-1,-1,-1,-1,-1,-1,-1,-1,-1,-1,-1,-1,-1,-1,-1,-1,-1,-1,-1,-1,-1,-1,-1,-1,-1,-1,-1,-1,-1,-1,-1,-1,-1,-1,-1,-1,-1,-1,-1,-1,-1,-1,-1,-1,-1,-1,-1,-1,-1,-1,-1,-1,-1,-1,-1,-1,-1,-1,-1,-1,-1,-1,-1,-1,-1,-1,-1,-1,-1,-1,-1,-1,-1,-1,-1,-1,-1,-1,-1,-1,-1,-1,-1,-1,-1,-1,-1,-1,-1,-1,-1,-1,-1,-1,-1,-1,-1,-1,-1,-1,-1,-1,-1,-1,-1,-1,-1,-1,-1,-1,-1,-1,-1,-1,-1,-1,-1,-1,-1,-1,-1,-1,-1,-1,-1,-1,-1,-1,-1,-1,-1,-1,-1,-1,-1,-1,-1,-1,-1,-1,-1,-1,-1,-1,-1,-1,-1,-1,-1,-1,-1,-1,-1,-1,-1,-1,-1,-1,-1,-1,-1,-1,-1,-1,-1,-1,-1,-1,-1,-1,-1,-1,-1,-1,-1,-1,-1,-1,-1,-1,-1,-1,-1,-1,-1,-1,-1,-1,-1,-1,-1,-1,-1,-1,-1,-1,-1,-1,-1,-1,-1,-1,-1,-1,-1,-1,-1,-1,-1,-1,-1,-1,-1,-1,-1,-1,-1,-1,-1,-1,-1,-1,-1,-1,-1,-1,-1,-1,-1,-1,-1,-1,-1,-1,-1,-1,-1,-1,-1,-1,-1,-1,-1,-1,-1,-1,-1,-1,-1,-1,-1,-1,-1,-1,-1,-1,-1,-1,-1,-1,-1,-1,-1,-1,-1,-1,-1,-1,-1,-1,-1,-1,-1,-1,-1,-1,-1,-1,-1,-1,-1,-1,-1,-1,-1,-1,-1,-1,-1,-1,-1,-1,-1,-1,-1,-1,-1,-1,-1,-1,-1,-1,-1,-1,-1,-1,-1,-1,-1,-1,-1,-1,-1,-1,-1,-1,-1,-1,-1,-1,-1,-1,-1,-1,-1,-1,-1,-1,-1,-1,-1,-1,-1,-1,-1,-1,-1,-1,-1,-1,-1,-1,-1,-1,-1,-1,-1,-1,-1,-1,-1,-1,-1,-1,-1,-1,-1,-1,-1,-1,-1,-1,-1,-1,-1,-1,-1,-1,-1,-1,-1,-1,-1,-1,-1,-1,-1,-1,-1,-1,-1,-1,-1,-1,-1,-1,-1,-1,-1,-1,-1,-1,-1,-1,-1,-1,-1,-1,-1,-1,-1,-1,-1,-1,-1,-1,-1,-1,-1,-1,-1,-1,-1,-1,-1,-1,-1,-1,-1,-1,-1,-1,-1,-1,-1,-1,-1,-1,-1,-1,-1,-1,-1,-1,-1,-1,-1,-1,-1,-1,-1,-1,-1,-1,-1,-1,-1,-1,-1,-1,-1,-1,-1,-1,-1,-1,-1,-1,-1,-1,-1,-1,-1,-1,-1,-1,-1,-1,-1,-1,-1,-1,-1,-1,-1,-1,-1,-1,-1,-1,-1,-1,-1,-1,-1,-1,-1,-1,-1,-1,-1,-1,-1,-1,-1,-1,-1,-1,-1,-1,-1,-1,-1,-1,-1,-1,-1,-1,-1,-1,-1,-1,-1,-1,-1,-1,-1,-1,-1,-1,-1,-1,-1,-1,-1,-1,-1,-1,-1,-1,-1,-1,-1,-1,-1,-1,-1,-1,-1,-1,-1,-1,-1,-1,-1,-1,-1,-1,-1,-1,-1,-1,-1,-1,-1,-1,-1,-1,-1,-1,-1,-1,-1,-1,-1,-1,-1,-1,-1,-1,-1,-1,-1,-1,-1,-1,-1,-1,-1,-1,-1,-1,-1,-1,-1,-1,-1,-1,-1,-1,-1,-1,-1,-1,-1,-1,-1,-1,-1,-1,-1,-1,-1,-1,-1,-1,-1,-1,-1,-1,-1,-1,-1,-1,-1,-1,-1,-1,-1,-1,-1,-1,-1,-1,-1,-1,-1,-1,-1,-1,-1,-1,-1,-1,-1,-1,-1,-1,-1,-1,-1,-1,-1,-1,-1,-1,-1,-1,-1,-1,-1,-1,-1,-1,-1,-1,-1
-1,-1,-1,-1,-1,285,286,287,288,289,-1,-1,-1,-1,285,286,287,288,289,-1,-1,-1,-1,-1,-1,-1,-1,-1,-1,-1,-1,-1,-1,-1,-1,-1,-1,-1,-1,-1,-1,-1,-1,-1,-1,-1,-1,-1,-1,-1,182,30,31,56,57,32,33,-1,-1,-1,-1,-1,-1,-1,59,133,134,-1,-1,-1,-1,-1,-1,-1,-1,-1,-1,-1,-1,-1,59,110,111,-1,-1,133,134,112,-1,-1,-1,-1,-1,-1,-1,-1,-1,-1,-1,-1,-1,-1,-1,-1,-1,-1,-1,-1,-1,-1,-1,-1,-1,-1,-1,-1,-1,-1,-1,-1,-1,-1,-1,-1,-1,-1,-1,-1,-1,-1,-1,-1,-1,-1,-1,-1,-1,-1,-1,-1,-1,-1,-1,-1,-1,-1,-1,-1,-1,-1,-1,-1,-1,-1,-1,-1,-1,-1,-1,-1,-1,-1,-1,-1,-1,-1,-1,-1,-1,-1,-1,-1,-1,-1,-1,-1,-1,-1,-1,-1,-1,-1,-1,-1,-1,-1,-1,-1,-1,-1,-1,-1,-1,-1,-1,-1,-1,-1,-1,-1,-1,-1,-1,-1,-1,-1,-1,-1,-1,-1,-1,-1,-1,-1,-1,-1,-1,-1,-1,-1,-1,-1,-1,-1,-1,-1,-1,-1,-1,-1,-1,-1,-1,-1,-1,-1,-1,-1,-1,-1,-1,-1,-1,-1,-1,-1,-1,-1,-1,-1,-1,-1,-1,-1,-1,-1,-1,-1,-1,-1,-1,-1,-1,-1,-1,-1,-1,-1,-1,-1,-1,-1,-1,-1,-1,-1,-1,-1,-1,-1,-1,-1,-1,-1,-1,-1,-1,-1,-1,-1,-1,-1,-1,-1,-1,-1,-1,-1,-1,-1,-1,-1,-1,-1,-1,-1,-1,-1,-1,-1,-1,-1,-1,-1,-1,-1,-1,-1,-1,-1,-1,-1,-1,-1,-1,-1,-1,-1,-1,-1,-1,-1,-1,-1,-1,-1,-1,-1,-1,-1,-1,-1,-1,-1,-1,-1,-1,-1,-1,-1,-1,-1,-1,-1,-1,-1,-1,-1,-1,-1,-1,-1,-1,-1,-1,-1,-1,-1,-1,-1,-1,-1,-1,-1,-1,-1,-1,-1,-1,-1,-1,-1,-1,-1,-1,-1,-1,-1,-1,-1,-1,-1,-1,-1,-1,-1,-1,-1,-1,-1,-1,-1,-1,-1,-1,-1,-1,-1,-1,-1,-1,-1,-1,-1,-1,-1,-1,-1,-1,-1,-1,-1,-1,-1,-1,-1,-1,-1,-1,-1,-1,-1,-1,-1,-1,-1,-1,-1,-1,-1,-1,-1,-1,-1,-1,-1,-1,-1,-1,-1,-1,-1,-1,-1,-1,-1,-1,-1,-1,-1,-1,-1,-1,-1,-1,-1,-1,-1,-1,-1,-1,-1,-1,-1,-1,-1,-1,-1,-1,-1,-1,-1,-1,-1,-1,-1,-1,-1,-1,-1,-1,-1,-1,-1,-1,-1,-1,-1,-1,-1,-1,-1,-1,-1,-1,-1,-1,-1,-1,-1,-1,-1,-1,-1,-1,-1,-1,-1,-1,-1,-1,-1,-1,-1,-1,-1,-1,-1,-1,-1,-1,-1,-1,-1,-1,-1,-1,-1,-1,-1,-1,-1,-1,-1,-1,-1,-1,-1,-1,-1,-1,-1,-1,-1,-1,-1,-1,-1,-1,-1,-1,-1,-1,-1,-1,-1,-1,-1,-1,-1,-1,-1,-1,-1,-1,-1,-1,-1,-1,-1,-1,-1,-1,-1,-1,-1,-1,-1,-1,-1,-1,-1,-1,-1,-1,-1,-1,-1,-1,-1,-1,-1,-1,-1,-1,-1,-1,-1,-1,-1,-1,-1,-1,-1,-1,-1,-1,-1,-1,-1,-1,-1,-1,-1,-1,-1,-1,-1,-1,-1,-1,-1,-1,-1,-1,-1,-1,-1,-1,-1,-1,-1,-1,-1,-1,-1,-1,-1,-1,-1,-1,-1,-1,-1,-1,-1,-1,-1,-1,-1,-1,-1,-1,-1,-1,-1,-1,-1,-1,-1,-1,-1,-1,-1,-1,-1,-1,-1,-1,-1,-1,-1,-1,-1,-1,-1,-1,-1,-1,-1,-1,-1,-1,-1,-1,-1,-1,-1,-1,-1,-1,-1,-1,-1,-1,-1,-1,-1,-1,-1,-1,-1,-1,-1,-1,-1,-1,-1,-1,-1,-1,-1,-1,-1,-1,-1,-1,-1,-1,-1,-1,-1,-1,-1,-1,-1,-1,-1,-1,-1,-1,-1,-1,-1,-1,-1,-1,-1,-1,-1,-1,-1,-1,-1,-1,-1,-1,-1,-1,-1,-1,-1,-1,-1,-1,-1,-1,-1,-1,-1,-1,-1,-1,-1,-1,-1,-1,-1,-1,-1,-1,-1,-1,-1,-1,-1,-1,-1,-1,-1,-1,-1,-1,-1,-1,-1,-1,-1,-1,-1,-1,-1,-1,-1,-1,-1,-1,-1,-1,-1,-1,-1,-1,-1,-1,-1,-1,-1,-1,-1,-1,-1,-1,-1,-1,-1,-1,-1,-1,-1,-1,-1,-1,-1,-1,-1,-1,-1,-1,-1,-1,-1,-1,-1,-1,-1,-1,-1,-1,-1,-1,-1,-1,-1,-1,-1,-1,-1,-1,-1,-1,-1,-1,-1,-1,-1,-1,-1,-1,-1,-1,-1,-1,-1,-1,-1,-1,-1,-1,-1,-1,-1,-1,-1,-1,-1,-1,-1,-1,-1,-1,-1,-1,-1,-1,-1,-1,-1,-1,-1,-1,-1,-1,-1,-1,-1,-1,-1,-1,-1,-1,-1,-1,-1,-1,-1,-1,-1,-1,-1,-1,-1,-1,-1,-1,-1,-1,-1,-1,-1,-1,-1,-1,-1,-1,-1,-1,-1,-1,-1,-1,-1,-1,-1,-1,-1,-1,-1,-1,-1,-1,-1,-1,-1,-1,-1,-1,-1,-1,-1,-1,-1,-1,-1,-1,-1,-1,-1,-1,-1,-1,-1,-1,-1,-1,-1,-1,-1,-1,-1,-1,-1,-1,-1,-1,-1,-1,-1,-1,-1,-1,-1,-1,-1,-1,-1,-1,-1,-1,-1
-1,-1,-1,-1,-1,-1,-1,-1,-1,-1,-1,-1,-1,-1,-1,-1,-1,-1,-1,-1,-1,-1,-1,-1,-1,-1,-1,-1,-1,-1,-1,-1,-1,-1,-1,-1,-1,-1,-1,-1,-1,-1,-1,-1,-1,-1,-1,-1,-1,182,30,31,56,56,80,57,32,33,-1,-1,-1,-1,-1,-1,84,160,161,-1,-1,-1,-1,-1,-1,-1,-1,-1,-1,-1,-1,-1,84,135,136,-1,-1,135,136,137,-1,-1,-1,-1,-1,-1,-1,-1,-1,-1,-1,-1,-1,-1,-1,-1,-1,-1,-1,-1,-1,-1,-1,-1,-1,-1,-1,-1,-1,-1,-1,-1,-1,-1,-1,-1,-1,-1,-1,-1,-1,-1,-1,-1,-1,-1,-1,-1,-1,-1,-1,-1,-1,-1,-1,-1,-1,-1,-1,-1,-1,-1,-1,-1,-1,-1,-1,-1,-1,-1,-1,-1,-1,-1,-1,-1,-1,-1,-1,-1,-1,-1,-1,-1,-1,-1,-1,-1,-1,-1,-1,-1,-1,-1,-1,-1,-1,-1,-1,-1,-1,-1,-1,-1,-1,-1,-1,-1,-1,-1,-1,-1,-1,-1,-1,-1,-1,-1,-1,-1,-1,-1,-1,-1,-1,-1,-1,-1,-1,-1,-1,-1,-1,-1,-1,-1,-1,-1,-1,-1,-1,-1,-1,-1,-1,-1,-1,-1,-1,-1,-1,-1,-1,-1,-1,-1,-1,-1,-1,-1,-1,-1,-1,-1,-1,-1,-1,-1,-1,-1,-1,-1,-1,-1,-1,-1,-1,-1,-1,-1,-1,-1,-1,-1,-1,-1,-1,-1,-1,-1,-1,-1,-1,-1,-1,-1,-1,-1,-1,-1,-1,-1,-1,-1,-1,-1,-1,-1,-1,-1,-1,-1,-1,-1,-1,-1,-1,-1,-1,-1,-1,-1,-1,-1,-1,-1,-1,-1,-1,-1,-1,-1,-1,-1,-1,-1,-1,-1,-1,-1,-1,-1,-1,-1,-1,-1,-1,-1,-1,-1,-1,-1,-1,-1,-1,-1,-1,-1,-1,-1,-1,-1,-1,-1,-1,-1,-1,-1,-1,-1,-1,-1,-1,-1,-1,-1,-1,-1,-1,-1,-1,-1,-1,-1,-1,-1,-1,-1,-1,-1,-1,-1,-1,-1,-1,-1,-1,-1,-1,-1,-1,-1,-1,-1,-1,-1,-1,-1,-1,-1,-1,-1,-1,-1,-1,-1,-1,-1,-1,-1,-1,-1,-1,-1,-1,-1,-1,-1,-1,-1,-1,-1,-1,-1,-1,-1,-1,-1,-1,-1,-1,-1,-1,-1,-1,-1,-1,-1,-1,-1,-1,-1,-1,-1,-1,-1,-1,-1,-1,-1,-1,-1,-1,-1,-1,-1,-1,-1,-1,-1,-1,-1,-1,-1,-1,-1,-1,-1,-1,-1,-1,-1,-1,-1,-1,-1,-1,-1,-1,-1,-1,-1,-1,-1,-1,-1,-1,-1,-1,-1,-1,-1,-1,-1,-1,-1,-1,-1,-1,-1,-1,-1,-1,-1,-1,-1,-1,-1,-1,-1,-1,-1,-1,-1,-1,-1,-1,-1,-1,-1,-1,-1,-1,-1,-1,-1,-1,-1,-1,-1,-1,-1,-1,-1,-1,-1,-1,-1,-1,-1,-1,-1,-1,-1,-1,-1,-1,-1,-1,-1,-1,-1,-1,-1,-1,-1,-1,-1,-1,-1,-1,-1,-1,-1,-1,-1,-1,-1,-1,-1,-1,-1,-1,-1,-1,-1,-1,-1,-1,-1,-1,-1,-1,-1,-1,-1,-1,-1,-1,-1,-1,-1,-1,-1,-1,-1,-1,-1,-1,-1,-1,-1,-1,-1,-1,-1,-1,-1,-1,-1,-1,-1,-1,-1,-1,-1,-1,-1,-1,-1,-1,-1,-1,-1,-1,-1,-1,-1,-1,-1,-1,-1,-1,-1,-1,-1,-1,-1,-1,-1,-1,-1,-1,-1,-1,-1,-1,-1,-1,-1,-1,-1,-1,-1,-1,-1,-1,-1,-1,-1,-1,-1,-1,-1,-1,-1,-1,-1,-1,-1,-1,-1,-1,-1,-1,-1,-1,-1,-1,-1,-1,-1,-1,-1,-1,-1,-1,-1,-1,-1,-1,-1,-1,-1,-1,-1,-1,-1,-1,-1,-1,-1,-1,-1,-1,-1,-1,-1,-1,-1,-1,-1,-1,-1,-1,-1,-1,-1,-1,-1,-1,-1,-1,-1,-1,-1,-1,-1,-1,-1,-1,-1,-1,-1,-1,-1,-1,-1,-1,-1,-1,-1,-1,-1,-1,-1,-1,-1,-1,-1,-1,-1,-1,-1,-1,-1,-1,-1,-1,-1,-1,-1,-1,-1,-1,-1,-1,-1,-1,-1,-1,-1,-1,-1,-1,-1,-1,-1,-1,-1,-1,-1,-1,-1,-1,-1,-1,-1,-1,-1,-1,-1,-1,-1,-1,-1,-1,-1,-1,-1,-1,-1,-1,-1,-1,-1,-1,-1,-1,-1,-1,-1,-1,-1,-1,-1,-1,-1,-1,-1,-1,-1,-1,-1,-1,-1,-1,-1,-1,-1,-1,-1,-1,-1,-1,-1,-1,-1,-1,-1,-1,-1,-1,-1,-1,-1,-1,-1,-1,-1,-1,-1,-1,-1,-1,-1,-1,-1,-1,-1,-1,-1,-1,-1,-1,-1,-1,-1,-1,-1,-1,-1,-1,-1,-1,-1,-1,-1,-1,-1,-1,-1,-1,-1,-1,-1,-1,-1,-1,-1,-1,-1,-1,-1,-1,-1,-1,-1,-1,-1,-1,-1,-1,-1,-1,-1,-1,-1,-1,-1,-1,-1,-1,-1,-1,-1,-1,-1,-1,-1,-1,-1,-1,-1,-1,-1,-1,-1,-1,-1,-1,-1,-1,-1,-1,-1,-1,-1,-1,-1,-1,-1,-1,-1,-1,-1,-1,-1,-1,-1,-1,-1,-1,-1,-1,-1,-1,-1,-1,-1,-1,-1,-1,-1,-1,-1,-1,-1,-1,-1,-1,-1,-1,-1,-1,-1,-1,-1,-1,-1,-1,-1,-1,-1,-1,-1,-1,-1,-1,-1,-1,-1,-1,-1,-1,-1,-1,-1,-1,-1,-1,-1
1,2,3,2,3,1,2,3,1,2,3,1,2,3,1,2,3,1,2,3,1,2,3,1,2,3,1,2,3,1,1,2,3,1,2,3,3,4,456,457,458,459,0,2,3,1,2,1,2,30,55,56,105,106,105,106,57,58,33,1,2,3,1,2,3,235,236,3,1,2,3,4,456,457,425,426,427,458,459,0,1,160,161,1,2,160,161,2,1,2,1,2,3,1,2,3,1,1,2,3,1,2,3,1,2,3,1,1,2,3,1,2,3,1,2,3,1,2,3,3,1,2,3,1,2,3,1,2,3,1,2,3,1,2,3,1,2,3,1,2,3,1,2,3,1,2,3,1,2,3,1,2,3,1,2,3,1,2,3,1,2,3,1,2,3,1,2,3,1,2,3,1,2,3,1,2,3,1,2,3,1,2,3,1,2,3,1,2,3,1,2,3,1,2,3,1,2,3,1,2,3,1,2,3,1,2,3,1,2,3,1,2,3,1,2,3,1,2,3,1,2,3,1,2,3,1,2,3,1,2,3,1,2,3,1,2,3,1,2,3,1,2,3,1,2,3,1,2,3,1,2,3,1,2,3,1,2,3,1,2,3,1,2,3,1,2,3,1,2,3,1,2,3,1,2,3,1,2,3,1,2,3,1,2,3,1,2,3,1,2,3,1,2,3,1,2,3,1,2,3,1,2,3,1,2,3,1,2,3,1,2,3,1,2,3,1,2,3,1,2,3,1,2,3,1,2,3,1,2,3,1,2,3,1,2,3,1,2,3,1,2,3,1,2,3,1,2,3,1,2,3,1,2,3,1,2,3,1,2,3,1,2,3,1,2,3,1,2,3,1,2,3,1,2,3,1,2,3,1,2,3,1,2,3,1,2,3,1,2,3,1,2,3,1,2,3,1,2,3,1,2,3,1,2,3,1,2,3,1,2,3,1,2,3,1,2,3,1,2,3,1,2,3,1,2,3,1,2,3,1,2,3,1,2,3,1,2,3,1,2,3,1,2,3,1,2,3,1,2,3,1,2,3,1,2,3,1,2,3,1,2,3,1,2,3,1,2,3,1,2,3,1,2,3,1,2,3,1,2,3,1,2,3,1,2,3,1,2,3,1,2,3,1,2,3,1,2,3,1,2,3,1,2,3,1,2,3,1,2,3,1,2,3,1,2,3,1,2,3,1,2,3,1,2,3,1,2,3,1,2,3,1,2,3,1,2,3,1,2,3,1,2,3,1,2,3,1,2,3,1,2,3,1,2,3,1,2,3,1,2,3,1,2,3,1,2,3,1,2,3,1,2,3,1,2,3,1,2,3,1,2,3,1,2,3,1,2,3,1,2,3,1,2,3,1,2,3,1,2,3,1,2,3,1,2,3,1,2,3,1,2,3,1,2,3,1,2,3,1,2,3,1,2,3,1,2,3,1,2,3,1,2,3,1,2,3,1,2,3,1,2,3,1,2,3,1,2,3,1,2,3,1,2,3,1,2,3,1,2,3,1,2,3,1,2,3,1,2,3,1,2,3,1,2,3,1,2,3,1,2,3,1,2,3,1,2,3,1,2,3,1,2,3,1,2,3,1,2,3,1,2,3,1,2,3,1,2,3,1,2,3,1,2,3,1,2,3,1,2,3,1,2,3,1,2,3,1,2,3,1,2,1,2,3,1,2,3,1,2,3,1,2,3,1,2,3,1,2,3,1,2,3,1,2,3,1,2,3,1,2,3,1,2,3,1,1,2,3,1,2,3,1,2,3,1,2,3,1,2,3,1,2,3,1,2,3,1,2,3,1,2,3,1,2,3,1,2,3,1,2,3,1,2,3,1,1,2,3,1,2,3,1,2,3,1,2,3,1,2,3,1,2,3,1,2,3,1,2,3,1,2,3,1,2,3,1,2,3,1,2,3,1,2,3,1,2,1,2,3,1,2,3,1,2,3,1,2,3,1,2,3,1,2,3,1,2,3,1,2,3,1,2,3,1,2,3,1,2,3,1,2,3,1,2,3,1,2,1,2,3,1,2,3,1,2,3,1,2,3,1,2,3,1,2,3,1,2,3,1,2,3,1,2,3,1,2,3,1,2,3,1,2,3,1,2,3,1,2,3,1,2,3,1,2,3,1,2,3,1,2,3,1,2,3,1,2,3,1,2,3,1,2,3,1,2,3,1,2,3,1,2,3,1,2,3,1,2,3,1,2,3,1,2,3,1,2,3,1,2,3,1,2,3,1,2,1,2,3,1,2,3,1,2,3,1,2,3,1,2,3
26,27,28,27,28,26,27,28,26,27,28,26,27,28,26,27,28,26,27,28,26,27,28,26,27,28,26,27,28,26,26,27,28,26,27,28,28,29,481,482,483,484,25,27,28,26,27,26,27,26,26,27,28,26,27,28,26,27,28,26,27,28,26,27,28,26,27,28,26,27,28,29,481,482,450,451,452,483,484,25,26,27,28,26,27,28,26,27,26,27,26,27,28,26,27,28,26,26,27,28,26,27,28,26,27,28,26,26,27,28,26,27,28,26,27,28,26,27,28,28,26,27,28,26,27,28,26,27,28,26,27,28,26,27,28,26,27,28,26,27,28,26,27,28,26,27,28,26,27,28,26,27,28,26,27,28,26,27,28,26,27,28,26,27,28,26,27,28,26,27,28,26,27,28,26,27,28,26,27,28,26,27,28,26,27,28,26,27,28,26,27,28,26,27,28,26,27,28,26,27,28,26,27,28,26,27,28,26,27,28,26,27,28,26,27,28,26,27,28,26,27,28,26,27,28,26,27,28,26,27,28,26,27,28,26,27,28,26,27,28,26,27,28,26,27,28,26,27,28,26,27,28,26,27,28,26,27,28,26,27,28,26,27,28,26,27,28,26,27,28,26,27,28,26,27,28,26,27,28,26,27,28,26,27,28,26,27,28,26,27,28,26,27,28,26,27,28,26,27,28,26,27,28,26,27,28,26,27,28,26,27,28,26,27,28,26,27,28,26,27,28,26,27,28,26,27,28,26,27,28,26,27,28,26,27,28,26,27,28,26,27,28,26,27,28,26,27,28,26,27,28,26,27,28,26,27,28,26,27,28,26,27,28,26,27,28,26,27,28,26,27,28,26,27,28,26,27,28,26,27,28,26,27,28,26,27,28,26,27,28,26,27,28,26,27,28,26,27,28,26,27,28,26,27,28,26,27,28,26,27,28,26,27,28,26,27,28,26,27,28,26,27,28,26,27,28,26,27,28,26,27,28,26,27,28,26,27,28,26,27,28,26,27,28,26,27,28,26,27,28,26,27,28,26,27,28,26,27,28,26,27,28,26,27,28,26,27,28,26,27,28,26,27,28,26,27,28,26,27,28,26,27,28,26,27,28,26,27,28,26,27,28,26,27,28,26,27,28,26,27,28,26,27,28,26,27,28,26,27,28,26,27,28,26,27,28,26,27,28,26,27,28,26,27,28,26,27,28,26,27,28,26,27,28,26,27,28,26,27,28,26,27,28,26,27,28,26,27,28,26,27,28,26,27,28,26,27,28,26,27,28,26,27,28,26,27,28,26,27,28,26,27,28,26,27,28,26,27,28,26,27,28,26,27,28,26,27,28,26,27,28,26,27,28,26,27,28,26,27,28,26,27,28,26,27,28,26,27,28,26,27,28,26,27,28,26,27,28,26,27,28,26,27,28,26,27,28,26,27,28,26,27,28,26,27,28,26,27,28,26,27,28,26,27,28,26,27,28,26,27,28,26,27,28,26,27,28,26,27,28,26,27,28,26,27,28,26,27,28,26,27,28,26,27,28,26,27,28,26,27,28,26,27,28,26,27,28,26,27,28,26,27,28,26,27,28,26,27,28,26,27,28,26,27,28,26,27,28,26,27,28,26,27,28,26,27,28,26,27,28,26,27,28,26,27,28,26,27,28,26,27,26,27,28,26,27,28,26,27,28,26,27,28,26,27,28,26,27,28,26,27,28,26,27,28,26,27,28,26,27,28,26,27,28,26,26,27,28,26,27,28,26,27,28,26,27,28,26,27,28,26,27,28,26,27,28,26,27,28,26,27,28,26,27,28,26,27,28,26,27,28,26,27,28,26,26,27,28,26,27,28,26,27,28,26,27,28,26,27,28,26,27,28,26,27,28,26,27,28,26,27,28,26,27,28,26,27,28,26,27,28,26,27,28,26,27,26,27,28,26,27,28,26,27,28,26,27,28,26,27,28,26,27,28,26,27,28,26,27,28,26,27,28,26,27,28,26,27,28,26,27,28,26,27,28,26,27,26,27,28,26,27,28,26,27,28,26,27,28,26,27,28,26,27,28,26,27,28,26,27,28,26,27,28,26,27,28,26,27,28,26,27,28,26,27,28,26,27,28,26,27,28,26,27,28,26,27,28,26,27,28,26,27,28,26,27,28,26,27,28,26,27,28,26,27,28,26,27,28,26,27,28,26,27,28,26,27,28,26,27,28,26,27,28,26,27,28,26,27,28,26,27,28,26,27,26,27,28,26,27,28,26,27,28,26,27,28,26,27,28
53,53,53,53,53,53,53,53,53,53,53,53,53,53,53,53,53,53,53,53,53,53,53,53,53,53,53,53,53,53,53,53,53,53,51,52,53,54,506,507,508,509,50,51,52,53,51,52,53,51,52,53,51,52,53,51,52,53,51,52,53,51,52,53,51,51,52,53,52,53,51,54,505,505,505,505,505,505,505,50,51,52,53,51,52,53,51,52,53,51,52,53,51,52,53,51,52,51,52,53,51,52,53,51,52,53,51,52,53,53,51,52,53,51,52,53,51,52,53,51,52,53,51,52,53,51,52,53,51,52,53,51,52,53,51,52,53,51,52,53,51,52,53,51,52,53,51,52,53,51,52,53,51,52,53,51,52,53,51,52,53,51,52,53,51,52,53,51,52,53,51,52,53,51,52,53,51,52,53,51,52,53,51,52,53,51,52,53,51,52,53,51,52,53,51,52,53,51,52,53,51,52,53,51,52,53,51,52,53,51,52,53,51,52,53,51,52,53,51,52,53,51,52,53,51,52,53,51,52,53,51,52,53,51,52,53,51,52,53,51,52,53,51,52,53,51,52,53,51,52,53,51,52,53,51,52,53,51,52,53,51,52,53,51,52,53,51,52,53,51,52,53,51,52,53,51,52,53,51,52,53,51,52,53,51,52,53,51,52,53,51,52,53,51,52,53,51,52,53,51,52,53,51,52,53,51,52,53,51,52,53,51,52,53,51,52,53,51,52,53,51,52,53,51,52,53,51,52,53,51,52,53,51,52,53,51,52,53,51,52,53,51,52,53,51,52,53,51,52,53,51,52,53,51,52,53,51,52,53,51,52,53,51,52,53,51,52,53,51,52,53,51,52,53,51,52,53,51,52,53,51,52,53,51,52,53,51,52,53,51,52,53,51,52,53,51,52,53,51,52,53,51,52,53,51,52,53,51,52,53,51,52,53,51,52,53,51,52,53,51,52,53,51,52,53,51,52,53,51,52,53,51,52,53,51,52,53,51,52,53,51,52,53,51,52,53,51,52,53,51,52,53,51,52,53,51,52,53,51,52,53,51,52,53,51,52,53,51,52,53,51,52,53,51,52,53,51,52,53,51,52,53,51,52,53,51,52,53,51,52,53,51,52,53,51,52,53,51,52,53,51,52,53,51,52,53,51,52,53,51,52,53,51,52,53,51,52,53,51,52,53,51,52,53,51,52,53,51,52,53,51,52,53,51,52,53,51,52,53,51,52,53,51,52,53,51,52,53,51,52,53,51,52,53,51,52,53,51,52,53,51,52,53,51,52,53,51,52,53,51,52,53,51,52,53,51,52,53,51,52,53,51,52,53,51,52,53,51,52,53,51,52,53,51,52,53,51,52,53,51,52,53,51,52,53,51,52,53,51,52,53,51,52,53,51,52,53,51,52,53,51,52,53,51,52,53,51,52,53,51,52,53,51,52,53,51,52,53,51,52,53,51,52,53,51,52,53,51,52,53,51,52,53,51,52,53,51,52,53,51,52,53,51,52,53,51,52,53,51,52,53,51,52,53,51,52,53,51,52,53,51,52,53,51,52,53,51,52,53,51,52,53,51,52,53,51,52,53,51,52,53,51,52,53,51,52,53,51,52,53,51,52,53,51,52,53,51,52,53,51,52,53,51,52,53,51,52,53,51,52,53,51,52,53,51,52,53,51,52,53,51,52,53,51,52,53,51,52,53,51,52,53,51,52,53,51,52,53,51,52,53,51,52,53,51,52,53,51,52,53,51,52,53,51,52,53,51,52,53,51,52,53,51,52,53,51,52,53,51,52,53,51,52,53,51,52,53,51,52,53,51,52,53,51,52,53,51,52,53,51,52,53,51,52,53,51,52,53,51,52,53,51,52,53,51,52,53,51,52,53,51,52,53,51,52,53,51,52,53,51,52,53,51,52,53,51,52,53,51,52,53,51,52,53,51,52,53,51,52,53,51,52,53,51,52,53,51,52,53,51,52,53,51,52,53,51,52,53,51,52,53,51,52,53,51,52,53,51,52,53,51,52,53,51,52,53,51,52,53,51,52,53,51,52,53,51,52,53,51,52,53,51,52,53,51,52,53,51,52,53,51,52,53,51,52,53,51,52,53,51,52,53,51,52,53,51,52,53,51,52,53,51,52,53,51,52,53,51,52,53,51,52,53,51,52,53,51,52,53,51,52,53,51,52,53,51,52,53,51,52,53,51,52,53,51,52,53,51,52,53,51,52,53,51,52,53,51,52,53,51,52,53,51,52,53,51,52,53,51,52
53,51,52,53,51,52,51,52,53,53,53,53,53,53,53,53,53,53,53,53,53,53,53,53,53,53,53,53,53,53,53,53,53,53,53,53,53,79,428,428,429,430,75,76,77,78,76,77,78,76,77,78,76,77,78,76,77,78,76,77,78,76,77,78,76,77,78,76,77,78,76,79,505,505,505,505,505,505,505,75,76,77,78,76,77,78,76,77,78,76,77,78,76,77,78,76,77,76,77,78,76,77,78,76,77,78,76,77,78,78,76,77,78,76,77,78,76,77,78,76,77,78,76,77,78,76,77,78,76,77,78,76,77,78,76,77,78,76,77,78,76,77,78,76,77,78,76,77,78,76,77,78,76,77,78,76,77,78,76,77,78,76,77,78,76,77,78,76,77,78,76,77,78,76,77,78,76,77,78,76,77,78,76,77,78,76,77,78,76,77,78,76,77,78,76,77,78,76,77,78,76,77,78,76,77,78,76,77,78,76,77,78,76,77,78,76,77,78,76,77,78,76,77,78,76,77,78,76,77,78,76,77,78,76,77,78,76,77,78,76,77,78,76,77,78,76,77,78,76,77,78,76,77,78,76,77,78,76,77,78,76,77,78,76,77,78,76,77,78,76,77,78,76,77,78,76,77,78,76,77,78,76,77,78,76,77,78,76,77,78,76,77,78,76,77,78,76,77,78,76,77,78,76,77,78,76,77,78,76,77,78,76,77,78,76,77,78,76,77,78,76,77,78,76,77,78,76,77,78,76,77,78,76,77,78,76,77,78,76,77,78,76,77,78,76,77,78,76,77,78,76,77,78,76,77,78,76,77,78,76,77,78,76,77,78,76,77,78,76,77,78,76,77,78,76,77,78,76,77,78,76,77,78,76,77,78,76,77,78,76,77,78,76,77,78,76,77,78,76,77,78,76,77,78,76,77,78,76,77,78,76,77,78,76,77,78,76,77,78,76,77,78,76,77,78,76,77,78,76,77,78,76,77,78,76,77,78,76,77,78,76,77,78,76,77,78,76,77,78,76,77,78,76,77,78,76,77,78,76,77,78,76,77,78,76,77,78,76,77,78,76,77,78,76,77,78,76,77,78,76,77,78,76,77,78,76,77,78,76,77,78,76,77,78,76,77,78,76,77,78,76,77,78,76,77,78,76,77,78,76,77,78,76,77,78,76,77,78,76,77,78,76,77,78,76,77,78,76,77,78,76,77,78,76,77,78,76,77,78,76,77,78,76,77,78,76,77,78,76,77,78,76,77,78,76,77,78,76,77,78,76,77,78,76,77,78,76,77,78,76,77,78,76,77,78,76,77,78,76,77,78,76,77,78,76,77,78,76,77,78,76,77,78,76,77,78,76,77,78,76,77,78,76,77,78,76,77,78,76,77,78,76,77,78,76,77,78,76,77,78,76,77,78,76,77,78,76,77,78,76,77,78,76,77,78,76,77,78,76,77,78,76,77,78,76,77,78,76,77,78,76,77,78,76,77,78,76,77,78,76,77,78,76,77,78,76,77,78,76,77,78,76,77,78,76,77,78,76,77,78,76,77,78,76,77,78,76,77,78,76,77,78,76,77,78,76,77,78,76,77,78,76,77,78,76,77,78,76,77,78,76,77,78,76,77,78,76,77,78,76,77,78,76,77,78,76,77,78,76,77,78,76,77,78,76,77,78,76,77,78,76,77,78,76,77,78,76,77,78,76,77,78,76,77,78,76,77,78,76,77,78,76,77,78,76,77,78,76,77,78,76,77,78,76,77,78,76,77,78,76,77,78,76,77,78,76,77,78,76,77,78,76,77,78,76,77,78,76,77,78,76,77,78,76,77,78,76,77,78,76,77,78,76,77,78,76,77,78,76,77,78,76,77,78,76,77,78,76,77,78,76,77,78,76,77,78,76,77,78,76,77,78,76,77,78,76,77,78,76,77,78,76,77,78,76,77,78,76,77,78,76,77,78,76,77,78,76,77,78,76,77,78,76,77,78,76,77,78,76,77,78,76,77,78,76,77,78,76,77,78,76,77,78,76,77,78,76,77,78,76,77,78,76,77,78,76,77,78,76,77,78,76,77,78,76,77,78,76,77,78,76,77,78,76,77,78,76,77,78,76,77,78,76,77,78,76,77,78,76,77,78,76,77,78,76,77,78,76,77,78,76,77,78,76,77,78,76,77,78,76,77,78,76,77,78,76,77,78,76,77,78,76,77,78,76,77,78,76,77,78,76,77,78,76,77,78,76,77,78,76,77,78,76,77,78,76,77,78,76,77
53,53,51,52,53,51,52,53,51,52,53,51,52,53,51,52,53,51,52,53,51,52,53,51,52,53,51,52,53,53,51,52,53,51,52,53,53,54,453,453,454,455,50,51,52,53,51,52,53,51,52,53,51,52,53,51,52,53,51,52,53,51,52,53,51,52,53,51,52,53,51,54,505,505,505,505,505,505,505,50,51,52,53,51,52,53,51,52,53,51,52,53,51,52,53,51,52,51,52,53,51,52,53,51,52,53,51,52,53,53,51,52,53,51,52,53,51,52,53,51,52,53,51,52,53,51,52,53,51,52,53,51,52,53,51,52,53,51,52,53,51,52,53,51,52,53,51,52,53,51,52,53,51,52,53,51,52,53,51,52,53,51,52,53,51,52,53,51,52,53,51,52,53,51,52,53,51,52,53,51,52,53,51,52,53,51,52,53,51,52,53,51,52,53,51,52,53,51,52,53,51,52,53,51,52,53,51,52,53,51,52,53,51,52,53,51,52,53,51,52,53,51,52,53,51,52,53,51,52,53,51,52,53,51,52,53,51,52,53,51,52,53,51,52,53,51,52,53,51,52,53,51,52,53,51,52,53,51,52,53,51,52,53,51,52,53,51,52,53,51,52,53,51,52,53,51,52,53,51,52,53,51,52,53,51,52,53,51,52,53,51,52,53,51,52,53,51,52,53,51,52,53,51,52,53,51,52,53,51,52,53,51,52,53,51,52,53,51,52,53,51,52,53,51,52,53,51,52,53,51,52,53,51,52,53,51,52,53,51,52,53,51,52,53,51,52,53,51,52,53,51,52,53,51,52,53,51,52,53,51,52,53,51,52,53,51,52,53,51,52,53,51,52,53,51,52,53,51,52,53,51,52,53,51,52,53,51,52,53,51,52,53,51,52,53,51,52,53,51,52,53,51,52,53,51,52,53,51,52,53,51,52,53,51,52,53,51,52,53,51,52,53,51,52,53,51,52,53,51,52,53,51,52,53,51,52,53,51,52,53,51,52,53,51,52,53,51,52,53,51,52,53,51,52,53,51,52,53,51,52,53,51,52,53,51,52,53,51,52,53,51,52,53,51,52,53,51,52,53,51,52,53,51,52,53,51,52,53,51,52,53,51,52,53,51,52,53,51,52,53,51,52,53,51,52,53,51,52,53,51,52,53,51,52,53,51,52,53,51,52,53,51,52,53,51,52,53,51,52,53,51,52,53,51,52,53,51,52,53,51,52,53,51,52,53,51,52,53,51,52,53,51,52,53,51,52,53,51,52,53,51,52,53,51,52,53,51,52,53,51,52,53,51,52,53,51,52,53,51,52,53,51,52,53,51,52,53,51,52,53,51,52,53,51,52,53,51,52,53,51,52,53,51,52,53,51,52,53,51,52,53,51,52,53,51,52,53,51,52,53,51,52,53,51,52,53,51,52,53,51,52,53,51,52,53,51,52,53,51,52,53,51,52,53,51,52,53,51,52,53,51,52,53,51,52,53,51,52,53,51,52,53,51,52,53,51,52,53,51,52,53,51,52,53,51,52,53,51,52,53,51,52,53,51,52,53,51,52,53,51,52,53,51,52,53,51,52,53,51,52,53,51,52,53,51,52,53,51,52,53,51,52,53,51,52,53,51,52,53,51,52,53,51,52,53,51,52,53,51,52,53,51,52,53,51,52,53,51,52,53,51,52,53,51,52,53,51,52,53,51,52,53,51,52,53,51,52,53,51,52,53,51,52,53,51,52,53,51,52,53,51,52,53,51,52,53,51,52,53,51,52,53,51,52,53,51,52,53,51,52,53,51,52,53,51,52,53,51,52,53,51,52,53,51,52,53,51,52,53,51,52,53,51,52,53,51,52,53,51,52,53,51,52,53,51,52,53,51,52,53,51,52,53,51,52,53,51,52,53,51,52,53,51,52,53,51,52,53,51,52,53,51,52,53,51,52,53,51,52,53,51,52,53,51,52,53,51,52,53,51,52,53,51,52,53,51,52,53,51,52,53,51,52,53,51,52,53,51,52,53,51,52,53,51,52,53,51,52,53,51,52,53,51,52,53,51,52,53,51,52,53,51,52,53,51,52,53,51,52,53,51,52,53,51,52,53,51,52,53,51,52,53,51,52,53,51,52,53,51,52,53,51,52,53,51,52,53,51,52,53,51,52,53,51,52,53,51,52,53,51,52,53,51,52,53,51,52,53,51,52,53,51,52,53,51,52,53,51,52,53,51,52,53,51,52,53,51,52,53,51,52,53,51,52,53,51,52,53,51,52
53,53,53,51,52,53,51,52,53,51,52,53,51,52,51,52,53,51,52,53,51,52,53,51,52,53,51,52,53,51,52,53,52,51,52,53,53,79,428,429,430,480,50,76,77,78,76,77,78,76,77,78,76,77,78,76,77,78,76,77,78,76,77,78,76,77,78,76,77,78,76,79,505,505,505,505,505,505,505,75,76,77,78,76,77,78,76,77,78,76,77,78,76,77,78,76,77,51,52,53,76,77,78,76,77,78,76,77,78,53,76,77,78,76,77,78,76,77,78,76,77,78,76,77,78,76,77,78,76,77,78,76,77,78,76,77,78,76,77,78,76,77,78,76,77,78,76,77,78,76,77,78,76,77,78,76,77,78,76,77,78,76,77,78,76,77,78,76,77,78,76,77,78,76,77,78,76,77,78,76,77,78,76,77,78,76,77,78,76,77,78,76,77,78,76,77,78,76,77,78,76,77,78,76,77,78,76,77,78,76,77,78,76,77,78,76,77,78,76,77,78,76,77,78,76,77,78,76,77,78,76,77,78,76,77,78,76,77,78,76,77,78,76,77,78,76,77,78,76,77,78,76,77,78,76,77,78,76,77,78,76,77,78,76,77,78,76,77,78,76,77,78,76,77,78,76,77,78,76,77,78,76,77,78,76,77,78,76,77,78,76,77,78,76,77,78,76,77,78,76,77,78,76,77,78,76,77,78,76,77,78,76,77,78,76,77,78,76,77,78,76,77,78,76,77,78,76,77,78,76,77,78,76,77,78,76,77,78,76,77,78,76,77,78,76,77,78,76,77,78,76,77,78,76,77,78,76,77,78,76,77,78,76,77,78,76,77,78,76,77,78,76,77,78,76,77,78,76,77,78,76,77,78,76,77,78,76,77,78,76,77,78,76,77,78,76,77,78,76,77,78,76,77,78,76,77,78,76,77,78,76,77,78,76,77,78,76,77,78,76,77,78,76,77,78,76,77,78,76,77,78,76,77,78,76,77,78,76,77,78,76,77,78,76,77,78,76,77,78,76,77,78,76,77,78,76,77,78,76,77,78,76,77,78,76,77,78,76,77,78,76,77,78,76,77,78,76,77,78,76,77,78,76,77,78,76,77,78,76,77,78,76,77,78,76,77,78,76,77,78,76,77,78,76,77,78,76,77,78,76,77,78,76,77,78,76,77,78,76,77,78,76,77,78,76,77,78,76,77,78,76,77,78,76,77,78,76,77,78,76,77,78,76,77,78,76,77,78,76,77,78,76,77,78,76,77,78,76,77,78,76,77,78,76,77,78,76,77,78,76,77,78,76,77,78,76,77,78,76,77,78,76,77,78,76,77,78,76,77,78,76,77,78,76,77,78,76,77,78,76,77,78,76,77,78,76,77,78,76,77,78,76,77,78,76,77,78,76,77,78,76,77,78,76,77,78,76,77,78,76,77,78,76,77,78,76,77,78,76,77,78,76,77,78,76,77,78,76,77,78,76,77,78,76,77,78,76,77,78,76,77,78,76,77,78,76,77,78,76,77,78,76,77,78,76,77,78,76,77,78,76,77,78,76,77,78,76,77,78,76,77,78,76,77,78,76,77,78,76,77,78,76,77,78,76,77,78,76,77,78,76,77,78,76,77,78,76,77,78,76,77,78,76,77,78,76,77,78,76,77,78,76,77,78,76,77,78,76,77,78,76,77,78,76,77,78,76,77,78,76,77,78,76,77,78,76,77,78,76,77,78,76,77,78,76,77,78,76,77,78,76,77,78,76,77,78,76,77,78,76,77,78,76,77,78,76,77,78,76,77,78,76,77,78,76,77,78,76,77,78,76,77,78,76,77,78,76,77,78,76,77,78,76,77,78,76,77,78,76,77,78,76,77,78,76,77,78,76,77,78,76,77,78,76,77,78,76,77,78,76,77,78,76,77,78,76,77,78,76,77,78,76,77,78,76,77,78,76,77,78,76,77,78,76,77,78,76,77,78,76,77,78,76,77,78,76,77,78,76,77,78,76,77,78,76,77,78,76,77,78,76,77,78,76,77,78,76,77,78,76,77,78,76,77,78,76,77,78,76,77,78,76,77,78,76,77,78,76,77,78,76,77,78,76,77,78,76,77,78,76,77,78,76,77,78,76,77,78,76,77,78,76,77,78,76,77,78,76,77,78,76,77,78,76,77,78,76,77,78,76,77,78,76,77,78,76,77,78,76,77,78,76,77,78,76,77,78,76,77,78,76,77,78,76,77,78,76,77,78,76,77,78,76,77,78,76,77,78,76,77
76,77,78,76,77,78,76,77,78,76,77,78,77,76,77,76,77,78,76,77,78,76,77,78,77,76,77,76,77,78,76,77,78,76,77,78,76,54,453,454,455,505,50,51,52,53,51,52,53,51,52,53,51,52,53,51,52,53,51,52,53,51,52,53,51,52,53,51,52,53,51,54,505,505,505,505,505,505,505,50,51,52,53,51,52,53,51,52,53,51,52,53,51,52,53,51,52,51,52,53,51,52,53,51,52,53,51,52,53,78,51,52,53,51,52,53,51,52,53,51,52,53,51,52,53,51,52,53,51,52,53,51,52,53,51,52,53,51,52,53,51,52,53,51,52,53,51,52,53,51,52,53,51,52,53,51,52,53,51,52,53,51,52,53,51,52,53,51,52,53,51,52,53,51,52,53,51,52,53,51,52,53,51,52,53,51,52,53,51,52,53,51,52,53,51,52,53,51,52,53,51,52,53,51,52,53,51,52,53,51,52,53,51,52,53,51,52,53,51,52,53,51,52,53,51,52,53,51,52,53,51,52,53,51,52,53,51,52,53,51,52,53,51,52,53,51,52,53,51,52,53,51,52,53,51,52,53,51,52,53,51,52,53,51,52,53,51,52,53,51,52,53,51,52,53,51,52,53,51,52,53,51,52,53,51,52,53,51,52,53,51,52,53,51,52,53,51,52,53,51,52,53,51,52,53,51,52,53,51,52,53,51,52,53,51,52,53,51,52,53,51,52,53,51,52,53,51,52,53,51,52,53,51,52,53,51,52,53,51,52,53,51,52,53,51,52,53,51,52,53,51,52,53,51,52,53,51,52,53,51,52,53,51,52,53,51,52,53,51,52,53,51,52,53,51,52,53,51,52,53,51,52,53,51,52,53,51,52,53,51,52,53,51,52,53,51,52,53,51,52,53,51,52,53,51,52,53,51,52,53,51,52,53,51,52,53,51,52,53,51,52,53,51,52,53,51,52,53,51,52,53,51,52,53,51,52,53,51,52,53,51,52,53,51,52,53,51,52,53,51,52,53,51,52,53,51,52,53,51,52,53,51,52,53,51,52,53,51,52,53,51,52,53,51,52,53,51,52,53,51,52,53,51,52,53,51,52,53,51,52,53,51,52,53,51,52,53,51,52,53,51,52,53,51,52,53,51,52,53,51,52,53,51,52,53,51,52,53,51,52,53,51,52,53,51,52,53,51,52,53,51,52,53,51,52,53,51,52,53,51,52,53,51,52,53,51,52,53,51,52,53,51,52,53,51,52,53,51,52,53,51,52,53,51,52,53,51,52,53,51,52,53,51,52,53,51,52,53,51,52,53,51,52,53,51,52,53,51,52,53,51,52,53,51,52,53,51,52,53,51,52,53,51,52,53,51,52,53,51,52,53,51,52,53,51,52,53,51,52,53,51,52,53,51,52,53,51,52,53,51,52,53,51,52,53,51,52,53,51,52,53,51,52,53,51,52,53,51,52,53,51,52,53,51,52,53,51,52,53,51,52,53,51,52,53,51,52,53,51,52,53,51,52,53,51,52,53,51,52,53,51,52,53,51,52,53,51,52,53,51,52,53,51,52,53,51,52,53,51,52,53,51,52,53,51,52,53,51,52,53,51,52,53,51,52,53,51,52,53,51,52,53,51,52,53,51,52,53,51,52,53,51,52,53,51,52,53,51,52,53,51,52,53,51,52,53,51,52,53,51,52,53,51,52,53,51,52,53,51,52,53,51,52,53,51,52,53,51,52,53,51,52,53,51,52,53,51,52,53,51,52,53,51,52,53,51,52,53,51,52,53,51,52,53,51,52,53,51,52,53,51,52,53,51,52,53,51,52,53,51,52,53,51,52,53,51,52,53,51,52,53,51,52,53,51,52,53,51,52,53,51,52,53,51,52,53,51,52,53,51,52,53,51,52,53,51,52,53,51,52,53,51,52,53,51,52,53,51,52,53,51,52,53,51,52,53,51,52,53,51,52,53,51,52,53,51,52,53,51,52,53,51,52,53,51,52,53,51,52,53,51,52,53,51,52,53,51,52,53,51,52,53,51,52,53,51,52,53,51,52,53,51,52,53,51,52,53,51,52,53,51,52,53,51,52,53,51,52,53,51,52,53,51,52,53,51,52,53,51,52,53,51,52,53,51,52,53,51,52,53,51,52,53,51,52,53,51,52,53,51,52,53,51,52,53,51,52,53,51,52,53,51,52,53,51,52,53,51,52,53,51,52,53,51,52,53,51,52,53,51,52,53,51,52,53,51,52,53,51,52
51,76,77,78,78,78,78,78,78,78,78,78,78,78,78,76,77,78,76,77,78,76,77,78,76,77,78,76,77,78,77,76,77,78,78,76,76,79,478,479,480,480,75,76,77,78,76,77,78,76,77,78,76,77,78,76,77,78,76,77,78,76,77,78,76,77,78,76,77,78,76,79,505,505,505,505,505,505,505,75,76,77,78,76,77,78,76,77,78,76,77,78,76,77,78,76,77,51,52,53,76,77,78,76,77,78,76,77,78,53,76,77,78,76,77,78,76,77,78,76,77,78,76,77,78,76,77,78,76,77,78,76,77,78,76,77,78,76,77,78,76,77,78,76,77,78,76,77,78,76,77,78,76,77,78,76,77,78,76,77,78,76,77,78,76,77,78,76,77,78,76,77,78,76,77,78,76,77,78,76,77,78,76,77,78,76,77,78,76,77,78,76,77,78,76,77,78,76,77,78,76,77,78,76,77,78,76,77,78,76,77,78,76,77,78,76,77,78,76,77,78,76,77,78,76,77,78,76,77,78,76,77,78,76,77,78,76,77,78,76,77,78,76,77,78,76,77,78,76,77,78,76,77,78,76,77,78,76,77,78,76,77,78,76,77,78,76,77,78,76,77,78,76,77,78,76,77,78,76,77,78,76,77,78,76,77,78,76,77,78,76,77,78,76,77,78,76,77,78,76,77,78,76,77,78,76,77,78,76,77,78,76,77,78,76,77,78,76,77,78,76,77,78,76,77,78,76,77,78,76,77,78,76,77,78,76,77,78,76,77,78,76,77,78,76,77,78,76,77,78,76,77,78,76,77,78,76,77,78,76,77,78,76,77,78,76,77,78,76,77,78,76,77,78,76,77,78,76,77,78,76,77,78,76,77,78,76,77,78,76,77,78,76,77,78,76,77,78,76,77,78,76,77,78,76,77,78,76,77,78,76,77,78,76,77,78,76,77,78,76,77,78,76,77,78,76,77,78,76,77,78,76,77,78,76,77,78,76,77,78,76,77,78,76,77,78,76,77,78,76,77,78,76,77,78,76,77,78,76,77,78,76,77,78,76,77,78,76,77,78,76,77,78,76,77,78,76,77,78,76,77,78,76,77,78,76,77,78,76,77,78,76,77,78,76,77,78,76,77,78,76,77,78,76,77,78,76,77,78,76,77,78,76,77,78,76,77,78,76,77,78,76,77,78,76,77,78,76,77,78,76,77,78,76,77,78,76,77,78,76,77,78,76,77,78,76,77,78,76,77,78,76,77,78,76,77,78,76,77,78,76,77,78,76,77,78,76,77,78,76,77,78,76,77,78,76,77,78,76,77,78,76,77,78,76,77,78,76,77,78,76,77,78,76,77,78,76,77,78,76,77,78,76,77,78,76,77,78,76,77,78,76,77,78,76,77,78,76,77,78,76,77,78,76,77,78,76,77,78,76,77,78,76,77,78,76,77,78,76,77,78,76,77,78,76,77,78,76,77,78,76,77,78,76,77,78,76,77,78,76,77,78,76,77,78,76,77,78,76,77,78,76,77,78,76,77,78,76,77,78,76,77,78,76,77,78,76,77,78,76,77,78,76,77,78,76,77,78,76,77,78,76,77,78,76,77,78,76,77,78,76,77,78,76,77,78,76,77,78,76,77,78,76,77,78,76,77,78,76,77,78,76,77,78,76,77,78,76,77,78,76,77,78,76,77,78,76,77,78,76,77,78,76,77,78,76,77,78,76,77,78,76,77,78,76,77,78,76,77,78,76,77,78,76,77,78,76,77,78,76,77,78,76,77,78,76,77,78,76,77,78,76,77,78,76,77,78,76,77,78,76,77,78,76,77,78,76,77,78,76,77,78,76,77,78,76,77,78,76,77,78,76,77,78,76,77,78,76,77,78,76,77,78,76,77,78,76,77,78,76,77,78,76,77,78,76,77,78,76,77,78,76,77,78,76,77,78,76,77,78,76,77,78,76,77,78,76,77,78,76,77,78,76,77,78,76,77,78,76,77,78,76,77,78,76,77,78,76,77,78,76,77,78,76,77,78,76,77,78,76,77,78,76,77,78,76,77,78,76,77,78,76,77,78,76,77,78,76,77,78,76,77,78,76,77,78,76,77,78,76,77,78,76,77,78,76,77,78,76,77,78,76,77,78,76,77,78,76,77,78,76,77,78,76,77,78,76,77,78,76,77,78,76,77,78,76,77,78,76,77,78,76,77,78,76,77,78,76,77,78,76,77,78,76,77,78,76,77,78,76,77,78,76,77,78,76,77,78,76,77
76,76,77,78,77,78,78,76,77,78,77,78,77,78,78,76,77,78,77,78,76,77,78,76,77,78,76,76,77,78,76,77,78,77,78,76,76,104,503,504,505,505,100,51,52,53,51,52,53,51,52,53,51,52,53,51,52,53,51,52,53,51,52,53,51,52,53,51,52,53,51,104,505,505,505,505,505,505,505,100,51,52,53,51,52,53,51,52,53,51,52,53,51,52,53,51,52,76,77,78,51,52,53,51,52,53,51,52,53,78,51,52,53,51,52,53,51,52,53,51,52,53,51,52,53,51,52,53,51,52,53,51,52,53,51,52,53,51,52,53,51,52,53,51,52,53,51,52,53,51,52,53,51,52,53,51,52,53,51,52,53,51,52,53,51,52,53,51,52,53,51,52,53,51,52,53,51,52,53,51,52,53,51,52,53,51,52,53,51,52,53,51,52,53,51,52,53,51,52,53,51,52,53,51,52,53,51,52,53,51,52,53,51,52,53,51,52,53,51,52,53,51,52,53,51,52,53,51,52,53,51,52,53,51,52,53,51,52,53,51,52,53,51,52,53,51,52,53,51,52,53,51,52,53,51,52,53,51,52,53,51,52,53,51,52,53,51,52,53,51,52,53,51,52,53,51,52,53,51,52,53,51,52,53,51,52,53,51,52,53,51,52,53,51,52,53,51,52,53,51,52,53,51,52,53,51,52,53,51,52,53,51,52,53,51,52,53,51,52,53,51,52,53,51,52,53,51,52,53,51,52,53,51,52,53,51,52,53,51,52,53,51,52,53,51,52,53,51,52,53,51,52,53,51,52,53,51,52,53,51,52,53,51,52,53,51,52,53,51,52,53,51,52,53,51,52,53,51,52,53,51,52,53,51,52,53,51,52,53,51,52,53,51,52,53,51,52,53,51,52,53,51,52,53,51,52,53,51,52,53,51,52,53,51,52,53,51,52,53,51,52,53,51,52,53,51,52,53,51,52,53,51,52,53,51,52,53,51,52,53,51,52,53,51,52,53,51,52,53,51,52,53,51,52,53,51,52,53,51,52,53,51,52,53,51,52,53,51,52,53,51,52,53,51,52,53,51,52,53,51,52,53,51,52,53,51,52,53,51,52,53,51,52,53,51,52,53,51,52,53,51,52,53,51,52,53,51,52,53,51,52,53,51,52,53,51,52,53,51,52,53,51,52,53,51,52,53,51,52,53,51,52,53,51,52,53,51,52,53,51,52,53,51,52,53,51,52,53,51,52,53,51,52,53,51,52,53,51,52,53,51,52,53,51,52,53,51,52,53,51,52,53,51,52,53,51,52,53,51,52,53,51,52,53,51,52,53,51,52,53,51,52,53,51,52,53,51,52,53,51,52,53,51,52,53,51,52,53,51,52,53,51,52,53,51,52,53,51,52,53,51,52,53,51,52,53,51,52,53,51,52,53,51,52,53,51,52,53,51,52,53,51,52,53,51,52,53,51,52,53,51,52,53,51,52,53,51,52,53,51,52,53,51,52,53,51,52,53,51,52,53,51,52,53,51,52,53,51,52,53,51,52,53,51,52,53,51,52,53,51,52,53,51,52,53,51,52,53,51,52,53,51,52,53,51,52,53,51,52,53,51,52,53,51,52,53,51,52,53,51,52,53,51,52,53,51,52,53,51,52,53,51,52,53,51,52,53,51,52,53,51,52,53,51,52,53,51,52,53,51,52,53,51,52,53,51,52,53,51,52,53,51,52,53,51,52,53,51,52,53,51,52,53,51,52,53,51,52,53,51,52,53,51,52,53,51,52,53,51,52,53,51,52,53,51,52,53,51,52,53,51,52,53,51,52,53,51,52,53,51,52,53,51,52,53,51,52,53,51,52,53,51,52,53,51,52,53,51,52,53,51,52,53,51,52,53,51,52,53,51,52,53,51,52,53,51,52,53,51,52,53,51,52,53,51,52,53,51,52,53,51,52,53,51,52,53,51,52,53,51,52,53,51,52,53,51,52,53,51,52,53,51,52,53,51,52,53,51,52,53,51,52,53,51,52,53,51,52,53,51,52,53,51,52,53,51,52,53,51,52,53,51,52,53,51,52,53,51,52,53,51,52,53,51,52,53,51,52,53,51,52,53,51,52,53,51,52,53,51,52,53,51,52,53,51,52,53,51,52,53,51,52,53,51,52,53,51,52,53,51,52,53,51,52,53,51,52,53,51,52,53,51,52,53,51,52,53,51,52,53,51,52,53,51,52,53,51,52,53,51,52,53,51,52,53,51,52,53,51,52
